{
  "ARI": 0.210004604333571,
  "NMI": 0.5109158348844407,
  "activation_shape": [
    2000,
    24576
  ],
  "embedding_shape": [
    2000,
    768
  ],
  "fit_or_retopic_seconds": 188.104398727417,
  "n_docs": 2000,
  "n_topics": 500,
  "vocab_size": 2813
}