{
  "ARI": 0.2735935804599923,
  "NMI": 0.4802426129025027,
  "activation_shape": [
    2000,
    24576
  ],
  "embedding_shape": [
    2000,
    768
  ],
  "fit_or_retopic_seconds": 129.28362441062927,
  "n_docs": 2000,
  "n_topics": 50,
  "vocab_size": 2813
}