{
  "ARI": 0.30168356347988323,
  "NMI": 0.5118474701618455,
  "activation_shape": [
    2000,
    24576
  ],
  "embedding_shape": [
    2000,
    768
  ],
  "fit_or_retopic_seconds": 48.44429087638855,
  "n_docs": 2000,
  "n_topics": 100,
  "vocab_size": 2813
}