{
  "ARI": 0.22546084016443982,
  "NMI": 0.5131316966228753,
  "activation_shape": [
    2000,
    24576
  ],
  "embedding_shape": [
    2000,
    768
  ],
  "fit_or_retopic_seconds": 118.91854953765869,
  "n_docs": 2000,
  "n_topics": 300,
  "vocab_size": 2813
}