{
  "ARI": 0.23519247463814277,
  "NMI": 0.5126898628702247,
  "activation_shape": [
    2000,
    24576
  ],
  "embedding_shape": [
    2000,
    768
  ],
  "fit_or_retopic_seconds": 88.86774396896362,
  "n_docs": 2000,
  "n_topics": 200,
  "vocab_size": 2813
}